<?xml version="1.0" encoding="UTF-8"?>
<project xmlns="http://maven.apache.org/POM/4.0.0" xmlns:xsi="http://www.w3.org/2001/XMLSchema-instance" xsi:schemaLocation="http://maven.apache.org/POM/4.0.0 http://maven.apache.org/maven-v4_0_0.xsd">
  <modelVersion>4.0.0</modelVersion>
  <groupId>com.ciservice.app</groupId>
  <artifactId>InformationManager</artifactId>
  <name>Command Line Spring Batch Module</name>
  <version>1.0.0.CI-SNAPSHOT</version>
  <description>This project is a minimal command line batch sample from Spring Batch.</description>
  <url>http://www.springframework.org/spring-batch/archetypes/simple-cli-archetype</url>
  <build>
    <resources>
      <resource>
        <directory>src/main/resources</directory>
        <excludes>
          <exclude>**/*.csv</exclude>
          <exclude>**/*.csv*</exclude>
        </excludes>
      </resource>
    </resources>
    <plugins>
      <plugin>
        <artifactId>maven-jar-plugin</artifactId>
        <version>2.6</version>
        <executions>
          <execution>
            <phase>package</phase>
            <goals>
              <goal>jar</goal>
            </goals>
          </execution>
        </executions>
        <configuration>
          <index>false</index>
          <archive>
            <manifest>
              <mainClass>org.springframework.batch.core.launch.support.CommandLineJobRunner</mainClass>
              <addClasspath>true</addClasspath>
              <addExtensions>true</addExtensions>
              <classpathPrefix>lib/</classpathPrefix>
            </manifest>
            <manifestEntries>
              <Class-Path>./</Class-Path>
            </manifestEntries>
          </archive>
        </configuration>
      </plugin>
      <plugin>
        <artifactId>maven-shade-plugin</artifactId>
        <version>2.4.3</version>
        <executions>
          <execution>
            <phase>package</phase>
            <goals>
              <goal>shade</goal>
            </goals>
            <configuration>
              <transformers>
                <transformer>
                  <manifestEntries>
                    <mainClass>org.springframework.batch.core.launch.support.CommandLineJobRunner</mainClass>
                  </manifestEntries>
                </transformer>
                <transformer>
                  <resource>META-INF/spring.handlers</resource>
                </transformer>
                <transformer>
                  <resource>META-INF/spring.schemas</resource>
                </transformer>
              </transformers>
            </configuration>
          </execution>
        </executions>
      </plugin>
    </plugins>
  </build>
  <pluginRepositories>
    <pluginRepository>
      <snapshots>
        <enabled>false</enabled>
      </snapshots>
      <id>Codehaus</id>
      <url>http://repository.codehaus.org/</url>
    </pluginRepository>
  </pluginRepositories>
  <dependencies>
    <dependency>
      <groupId>junit</groupId>
      <artifactId>junit</artifactId>
      <version>4.12</version>
      <scope>test</scope>
      <exclusions>
        <exclusion>
          <artifactId>hamcrest-core</artifactId>
          <groupId>org.hamcrest</groupId>
        </exclusion>
      </exclusions>
    </dependency>
    <dependency>
      <groupId>org.springframework</groupId>
      <artifactId>spring-test</artifactId>
      <version>4.3.1.RELEASE</version>
      <scope>test</scope>
    </dependency>
  </dependencies>
  <properties>
    <spring-data-mongodb.version>1.9.2.RELEASE</spring-data-mongodb.version>
    <spring.batch.version>3.0.7.RELEASE</spring.batch.version>
    <spring.framework.version>4.3.1.RELEASE</spring.framework.version>
    <junit.version>4.12</junit.version>
    <java-version>1.8</java-version>
    <maven.compiler.target>1.8</maven.compiler.target>
    <project.build.sourceEncoding>UTF-8</project.build.sourceEncoding>
    <jackson.version>2.8.0</jackson.version>
    <maven.test.failure.ignore>true</maven.test.failure.ignore>
    <maven.compiler.source>1.8</maven.compiler.source>
  </properties>
</project>

