<?xml version="1.0" encoding="UTF-8"?>
<beans xmlns="http://www.springframework.org/schema/beans"
    xmlns:xsi="http://www.w3.org/2001/XMLSchema-instance" xmlns:mongo="http://www.springframework.org/schema/data/mongo"
    xsi:schemaLocation="http://www.springframework.org/schema/beans
    http://www.springframework.org/schema/beans/spring-beans-4.3.xsd
    http://www.springframework.org/schema/data/mongo
    http://www.springframework.org/schema/data/mongo/spring-mongo-1.8.xsd">

    <mongo:mongo id="mongo" />
    <mongo:mongo host="36.55.234.54" port="17071" />
    <mongo:db-factory dbname="stock" />


    <bean id="mongoTemplate" class="org.springframework.data.mongodb.core.MongoTemplate">
        <constructor-arg ref="mongo" />
        <constructor-arg value="stockdb" />
    </bean>

    <mongo:repositories base-package="com.ciservice.app.common.db.mongodb.repos" />

</beans>